rule;support_2016Q1;support_2017Q1;support_2018Q1;support_2019Q1;support_2020Q1;support_2021Q1;support_2022Q1;support_2016Q2;support_2017Q2;support_2018Q2;support_2019Q2;support_2020Q2;support_2021Q2;support_2022Q2;support_2016Q3;support_2017Q3;support_2018Q3;support_2019Q3;support_2020Q3;support_2021Q3;support_2022Q3;support_2016Q4;support_2017Q4;support_2018Q4;support_2019Q4;support_2020Q4;support_2021Q4;support_2022Q4;lift_2016Q1;lift_2017Q1;lift_2018Q1;lift_2019Q1;lift_2020Q1;lift_2021Q1;lift_2022Q1;lift_2016Q2;lift_2017Q2;lift_2018Q2;lift_2019Q2;lift_2020Q2;lift_2021Q2;lift_2022Q2;lift_2016Q3;lift_2017Q3;lift_2018Q3;lift_2019Q3;lift_2020Q3;lift_2021Q3;lift_2022Q3;lift_2016Q4;lift_2017Q4;lift_2018Q4;lift_2019Q4;lift_2020Q4;lift_2021Q4;lift_2022Q4;disclosure;financial-reports;information-about-bank;annual-reports;covered-bonds;root-financial-indicators;information-for-shareholders;financial-statement;information-for-investors-except-shareholders
covered-bonds, information-about-bank:annual-reports;0,009246497;0,008669046;0,006520695;0,006820929;;;;0,007487667;0,011558627;0,005977246;0,006052554;;;;;0,012619669;0,008179481;0,004608737;;;;0,011080009;0,010422331;0,008418891;0,001836684;;;;5,089268597;3,867616758;4,835177312;4,645501625;;;;4,576030048;3,550503773;4,473726465;5,056869158;;;;;4,291976757;4,901874145;4,822420771;;;;4,730002032;6,518998397;4,59772497;4,56676776;;;;1;0;1;1;1;0;0;0;0
financial-reports, covered-bonds, root-financial-indicators:annual-reports;;;;;;;;;;;;;;;;0,000290107;;;;;;;;;;;;;;;;;;;;;;;;;;;;4,341309824;;;;;;;;;;;;;0;1;0;1;1;1;0;0;0
financial-reports, annual-reports, financial-statement, root-financial-indicators, information-about-bank:information-for-shareholders;;;;;;;;;;;;;;;;;;;;;;0,000116632;;;;;;;;;;;;;;;;;;;;;;;;;;;;9,923611111;;;;;;;1;1;1;1;0;1;1;1;0
information-for-shareholders, financial-reports, covered-bonds:annual-reports, information-about-bank, root-financial-indicators;;;;;;;;;;;;;;;;;;;;;;0,000349895;;;;;;;;;;;;;;;;;;;;;;;;;;;;389,7272727;;;;;;;1;1;1;1;1;1;1;0;0
information-for-shareholders, covered-bonds, annual-reports:financial-reports, information-about-bank, root-financial-indicators;;0,000611933;;;;;;0,000352361;;;;;;;;;;;;;;;;;;;;;;78,44;;;;;;127,9098592;;;;;;;;;;;;;;;;;;;;;1;1;1;1;1;1;1;0;0
information-for-investors-except-shareholders, annual-reports, financial-statement:information-about-bank;;;;;;;;;;;;0,000240639;;;;;;;;;;;;;;;;;;;;;;;;;;;;1,623382711;;;;;;;;;;;;;;;;;1;0;1;1;0;0;0;1;1
information-for-shareholders, covered-bonds, information-about-bank:financial-reports, root-financial-indicators;0,000229727;0,000611933;;;;;;0,000352361;;;;;;;;0,000145054;;;;;;;0,000181258;;;;;;22,43091787;28,92330383;;;;;;43,32824427;;;;;;;;40,31578947;;;;;;;59,64324324;;;;;;1;1;1;0;1;1;1;0;0
covered-bonds, financial-statement:financial-reports;;;;;;;;;;;;;;;;0,000290107;;;;;;;;;;;;;;;;;;;;;;;;;;;;10,46130501;;;;;;;;;;;;;1;1;0;0;1;0;0;1;0
information-for-shareholders, financial-statement, information-about-bank:financial-reports;;;;;;;;;;;;;;;;;;;0,000171374;;;;;;;;;;;;;;;;;;;;;;;;;;;;17,7253949;;;;;;;;;;1;1;1;0;0;0;1;1;0
information-for-shareholders, financial-reports, covered-bonds:information-about-bank;;;;;;;;;;;;;;;;;;;;;;0,000349895;;;;;;;;;;;;;;;;;;;;;;;;;;;;2,085623936;;;;;;;1;1;1;0;1;0;1;0;0
information-for-shareholders, annual-reports, financial-statement, information-about-bank:root-financial-indicators;0,000172295;;;;;;;;0,000119161;;;;;;;;;;;;;0,000116632;;;;;;;2,955695128;;;;;;;;7,040268456;;;;;;;;;;;;;6,555045872;;;;;;;1;0;1;1;0;1;1;1;0
annual-reports, financial-statement, root-financial-indicators, information-for-shareholders, information-about-bank:financial-reports;0,000172295;;;;;;;;0,000119161;;;;;;;;;;;;;0,000116632;;;;;;;7,766280107;;;;;;;;11,76998597;;;;;;;;;;;;;8,608433735;;;;;;;1;1;1;1;0;1;1;1;0
financial-reports, annual-reports, financial-statement:information-about-bank;0,002124971;0,002243753;0,000343194;0,000345363;0,000311026;;;0,000528541;0,000834128;0,000441501;;0,000240639;;;0,00064257;0,001015376;0,000467399;0,00012802;;0,000109043;;0,00069979;0,000543774;0,000513347;;0,000197183;;;4,020494259;3,049982326;1,784541891;2,01093845;2,080116455;;;2,322422259;2,111878056;1,631816554;;1,623382711;;;1,708287596;2,384641992;1,829727187;2,402907021;;1,667233277;;2,085623936;1,801175318;1,78078435;;1,475302778;;;1;1;1;1;0;0;0;1;0
financial-reports, covered-bonds, root-financial-indicators, information-for-shareholders, information-about-bank:annual-reports;0,000229727;0,000611933;;;;;;0,000352361;;;;;;;;0,000145054;;;;;;0,000349895;0,000181258;;;;;;5,468592965;4,140625;;;;;;4,952879581;;;;;;;;4,341309824;;;;;;5,028739003;6,57568534;;;;;;1;1;1;1;1;1;1;0;0
covered-bonds, root-financial-indicators, annual-reports:information-for-shareholders, information-about-bank;;0,000611933;;;;;;0,000352361;;;;;;;;;;;;;;;0,000181258;;;;;;;272,3611111;;;;;;313,1586207;;;;;;;;;;;;;;;551,7;;;;;;1;0;1;1;1;1;1;0;0
information-for-shareholders, financial-reports, financial-statement:annual-reports;;;;;;;;;0,000119161;;;;;;;;;;;;;;;;;;;;;;;;;;;;3,6969163;;;;;;;;;;;;;;;;;;;;1;1;0;1;0;0;1;1;0
financial-reports, covered-bonds, root-financial-indicators:information-for-shareholders, annual-reports;;;;;;;;;;;;;;;;0,000290107;;;;;;;;;;;;;;;;;;;;;;;;;;;;492,4285714;;;;;;;;;;;;;0;1;0;1;1;1;1;0;0
information-for-shareholders, financial-reports, financial-statement, root-financial-indicators:annual-reports, information-about-bank;;;;;;;;;0,000119161;;;;;;;;;;;;;;;;;;;;;;;;;;;;34,25306122;;;;;;;;;;;;;;;;;;;;1;1;1;1;0;1;1;1;0
information-for-shareholders, financial-reports, annual-reports:information-about-bank, root-financial-indicators;;;;;;;;;;;;;;;;;;;;;;0,000583158;;;;;;;;;;;;;;;;;;;;;;;;;;;;52,92592593;;;;;;;1;1;1;1;0;1;1;0;0
information-for-investors-except-shareholders, financial-statement:information-about-bank;;;;;;;;;;;;0,000481278;;;;;;;;;;;;;;;;;;;;;;;;;;;;1,770962958;;;;;;;;;;;;;;;;;1;0;1;0;0;0;0;1;1
financial-reports, covered-bonds, root-financial-indicators, annual-reports:information-about-bank;0,000229727;0,000611933;;;;;;0,000352361;;;;;;;;;;;;;;0,000349895;0,000181258;;;;;;3,477184224;3,188617886;;;;;;1,857937807;;;;;;;;;;;;;;2,085623936;1,801175318;;;;;;1;1;1;1;1;1;0;0;0
information-for-shareholders, covered-bonds, financial-statement:information-about-bank;;;;;;;;;;;;;;;;;;;;;;;;;;0,000112676;;;;;;;;;;;;;;;;;;;;;;;;;;;;1,686060318;;;1;0;1;0;1;0;1;1;0
covered-bonds, information-about-bank, root-financial-indicators:information-for-shareholders, financial-reports;;0,000611933;;;;;;0,000352361;;;;;;;;0,000145054;;;;;;;;;;;;;;228,0232558;;;;;;420,4444444;;;;;;;;287,25;;;;;;;;;;;;;1;1;1;0;1;1;1;0;0
information-for-shareholders, annual-reports, information-about-bank:root-financial-indicators;;0,001325854;0,000377514;;;;;0,000704722;0,000595806;0,000373578;;;;;0,000481928;;;;;;;;0,000271887;;;;;;;4,265896921;8,006544764;;;;;4,645319693;5,86689038;7,758335729;;;;;5,948399427;;;;;;;;7,614906832;;;;;;1;0;1;1;0;1;1;0;0
information-for-shareholders, financial-statement, root-financial-indicators:financial-reports;;;;;;;;;;;;;;;;;0,00014022;;0,000102824;;;;;;;;;;;;;;;;;;;;;;;;;;8,347639485;;17,7253949;;;;;;;;;;1;1;0;0;0;1;1;1;0
financial-reports, covered-bonds, financial-statement:annual-reports, information-about-bank;;;;;;;;;;;;;;;;0,000290107;;;;;;;;;;;;;;;;;;;;;;;;;;;;28,37037037;;;;;;;;;;;;;1;1;1;1;1;0;0;1;0
information-for-investors-except-shareholders, annual-reports, information-about-bank:financial-statement;;;;;;;;;;;;0,000240639;;;;;;;;;;;;;;;;;;;;;;;;;;;;46,17333333;;;;;;;;;;;;;;;;;1;0;1;1;0;0;0;1;1
financial-reports, financial-statement, root-financial-indicators:annual-reports, information-about-bank;;;0,000137278;;;;;;;;;;;;;;;;;;;;;;;;;;;;33,58847262;;;;;;;;;;;;;;;;;;;;;;;;;;1;1;1;1;0;1;0;1;0
covered-bonds, financial-statement:annual-reports;;;;;;;;;;;;;;;;0,000290107;;;;;;;;;;;;;;;;;;;;;;;;;;;;4,341309824;;;;;;;;;;;;;1;0;0;1;1;0;0;1;0
information-for-shareholders, financial-statement, root-financial-indicators:information-about-bank;0,000516885;0,000203978;;;;;;0,000352361;0,000238322;0,000101885;;;;;0,000321285;0,000435161;0,00014022;;0,000102824;;;0,000349895;0,000181258;;;;;;3,911832252;3,188617886;;;;;;2,322422259;2,413574921;2,008389605;;;;;1,708287596;2,384641992;1,829727187;;1,480789727;;;2,085623936;1,801175318;;;;;;1;0;1;0;0;1;1;1;0
information-for-shareholders, annual-reports, financial-statement:information-about-bank;0,000172295;;;;0,000103675;;;;0,000119161;;;;;;;;;;;;;0,000116632;;;;;;;4,34648028;;;;2,080116455;;;;2,413574921;;;;;;;;;;;;;2,085623936;;;;;;;1;0;1;1;0;0;1;1;0
financial-reports, covered-bonds, annual-reports, information-for-shareholders, information-about-bank:root-financial-indicators;0,000229727;0,000611933;;;;;;0,000352361;;;;;;;;0,000145054;;;;;;0,000349895;0,000181258;;;;;;2,955695128;4,922188755;;;;;;5,806649616;;;;;;;;1,5,5152;;;;;;6,555045872;7,614906832;;;;;;1;1;1;1;1;1;1;0;0
annual-reports, financial-statement, information-about-bank, root-financial-indicators:information-for-shareholders, financial-reports;;;;;;;;;;;;;;;;;;;;;;0,000116632;;;;;;;;;;;;;;;;;;;;;;;;;;;;306,2142857;;;;;;;1;1;1;1;0;1;1;1;0
covered-bonds, information-about-bank, root-financial-indicators:information-for-shareholders, annual-reports;;0,000611933;;;;;;0,000352361;;;;;;;;0,000145054;;;;;;;;;;;;;;297,1212121;;;;;;493,5652174;;;;;;;;492,4285714;;;;;;;;;;;;;1;0;1;1;1;1;1;0;0
covered-bonds, information-about-bank, root-financial-indicators:financial-reports;;0,000611933;;;;;;0,000352361;;;;;;;;0,000145054;;;;;;;;;;;;;;7,333582648;;;;;;11,70309278;;;;;;;;10,46130501;;;;;;;;;;;;;1;1;1;0;1;1;0;0;0
information-for-shareholders, covered-bonds, information-about-bank:financial-reports;0,000229727;0,000611933;;;;;;0,000352361;;;;;;;;0,000145054;;;;;;;0,000181258;;;;;;6,213024086;7,333582648;;;;;;11,70309278;;;;;;;;10,46130501;;;;;;;11,76332623;;;;;;1;1;1;0;1;0;1;0;0
information-for-shareholders, annual-reports, financial-statement, information-about-bank:financial-reports, root-financial-indicators;0,000172295;;;;;;;;0,000119161;;;;;;;;;;;;;0,000116632;;;;;;;28,03864734;;;;;;;;53,4522293;;;;;;;;;;;;;43,96923077;;;;;;;1;1;1;1;0;1;1;1;0
information-for-shareholders, covered-bonds, information-about-bank:financial-reports, annual-reports;0,000229727;0,000611933;;;;;;0,000352361;;;;;;;;0,000145054;;;;;;;0,000181258;;;;;;28,6617284;30,54517134;;;;;;54,57692308;;;;;;;;37,87912088;;;;;;;55,17;;;;;;1;1;1;1;1;0;1;0;0
financial-reports, covered-bonds:annual-reports, information-about-bank;0,008385022;0,008567058;0,006280459;0,006561906;;;;0,006871036;0,011320305;0,005739514;0,005609684;;;;;0,012039455;0,007571863;0,004544727;;;;0,010730114;0,009969186;0,007956879;0,001638124;;;;32,22809331;26,52560386;40,65271488;35,52760736;;;;43,25627748;32,86909915;40,27619949;38,51743229;;;;;28,03262787;42,8757515;48,6682243;;;;33,67520492;39,20095601;33,85015527;50,59246575;;;;1;1;1;1;1;0;0;0;0
financial-reports, covered-bonds, financial-statement, annual-reports:information-about-bank;;;;;;;;;;;;;;;;0,000290107;;;;;;;;;;;;;;;;;;;;;;;;;;;;2,384641992;;;;;;;;;;;;;1;1;1;1;1;0;0;1;0
information-for-shareholders, covered-bonds, information-about-bank, annual-reports:financial-reports, root-financial-indicators;0,000229727;0,000611933;;;;;;0,000352361;;;;;;;;0,000145054;;;;;;;0,000181258;;;;;;28,03864734;28,92330383;;;;;;43,32824427;;;;;;;;40,31578947;;;;;;;59,64324324;;;;;;1;1;1;1;1;1;1;0;0
information-for-shareholders, financial-reports:information-about-bank;;;;;;;;;;;;;0,000434311;;;;;;;0,000752396;;;;;;;;;;;;;;;;;;;;;0,980830671;;;;;;;1,643415658;;;;;;;;;1;1;1;0;0;0;1;0;0
annual-reports, financial-statement:information-about-bank;;0,004283529;;;;;;0,001761804;;;;;;;0,001927711;0,003336234;;;;0,000218086;;0,001632843;0,001903208;;;;;;;2,625920612;;;;;;1,857937807;;;;;;;1,639956092;2,109490993;;;;1,667233277;;1,824920944;1,576028404;;;;;;1;0;1;1;0;0;0;1;0
information-for-shareholders, covered-bonds, information-about-bank, root-financial-indicators:financial-reports;0,000229727;0,000611933;;;;;;0,000352361;;;;;;;;0,000145054;;;;;;;0,000181258;;;;;;6,213024086;7,333582648;;;;;;11,70309278;;;;;;;;10,46130501;;;;;;;11,76332623;;;;;;1;1;1;0;1;1;1;0;0
financial-statement, root-financial-indicators:information-about-bank;0,005341144;0,004385518;0,000789347;0,00094975;;;;0,002554616;0,002859867;0,002241467;0,000369058;0,000240639;;;0,003855422;0,004931825;0,002290255;0,000192031;0,000102824;;;0,00069979;0,003262643;0,001283368;;;;;4,124721082;3,046901536;1,64177854;1,701563303;;;;2,322422259;2,14539993;1,893624485;2,531626647;1,948059254;;;1,673424584;2,384641992;1,630120585;2,402907021;1,480789727;;;2,085623936;1,752494904;1,535158922;;;;;1;0;1;0;0;1;0;1;0
information-for-shareholders, information-about-bank, root-financial-indicators:financial-reports;;;;;;;;;;;;;;;;;;;0,000137099;;;;;;;;;;;;;;;;;;;;;;;;;;;;17,7253949;;;;;;;;;;1;1;1;0;0;1;1;0;0
covered-bonds, annual-reports:information-about-bank;0,009246497;0,008669046;0,006520695;0,006820929;;;;0,007487667;0,011558627;0,005977246;0,006052554;;;;;0,012619669;0,008179481;0,004608737;;;;0,011080009;0,010422331;0,008418891;0,001836684;;;;4,068507704;3,045309217;1,712439189;1,937367531;;;;2,145716217;2,388946605;1,921068318;2,232186936;;;;;2,255041884;1,798889089;2,337963588;;;;2,063898686;1,755382725;1,631556611;2,498060343;;;;1;0;1;1;1;0;0;0;0
financial-reports, covered-bonds, annual-reports:information-about-bank;0,008385022;0,008567058;0,006280459;0,006561906;;;;0,006871036;0,011320305;0,005739514;0,005609684;;;;0,002168675;0,012039455;0,007571863;0,004544727;;;;0,010730114;0,009969186;0,007956879;0,001638124;;;;4,230574139;3,188617886;1,784541891;2,01093845;;;;2,236406619;2,413574921;1,996575549;2,346385673;;;;1,537458836;2,356253397;1,829727187;2,402907021;;;;2,085623936;1,801175318;1,769369065;2,609942582;;;;1;1;1;1;1;0;0;0;0
covered-bonds, financial-statement, information-about-bank:financial-reports, annual-reports;;;;;;;;;;;;;;;;0,000290107;;;;;;;;;;;;;;;;;;;;;;;;;;;;37,87912088;;;;;;;;;;;;;1;1;1;1;1;0;0;1;0
information-for-shareholders, root-financial-indicators:financial-reports, information-about-bank;;;;;;;;;;;;;;;;;;;0,000137099;;;;;;;;;;;;;;;;;;;;;;;;;;;;147,3535354;;;;;;;;;;1;1;1;0;0;1;1;0;0
financial-reports, annual-reports, financial-statement, root-financial-indicators:information-for-shareholders, information-about-bank;;;;;;;;;;;;;;;;;;;;;;0,000116632;;;;;;;;;;;;;;;;;;;;;;;;;;;;389,7272727;;;;;;;1;1;1;1;0;1;1;1;0
covered-bonds, root-financial-indicators, annual-reports:financial-reports;;0,000611933;;;;;;0,000440451;;;;;;;;;;;;;;;0,000181258;;;;;;;7,333582648;;;;;;11,70309278;;;;;;;;;;;;;;;11,76332623;;;;;;0;1;0;1;1;1;0;0;0
financial-reports, covered-bonds, information-about-bank, root-financial-indicators:information-for-shareholders;0,000229727;0,000611933;;;;;;0,000352361;;;;;;;;0,000145054;;;;;;0,000349895;0,000181258;;;;;;4,388657845;5,580535003;;;;;;6,67372134;;;;;;;;8,782165605;;;;;;9,923611111;10,7964775;;;;;;1;1;1;0;1;1;1;0;0
information-for-shareholders, annual-reports, root-financial-indicators:financial-reports, information-about-bank;;;;;0,000155513;;;;;;;;;;;;;;0,000102824;;;;;;;;;;;;;;77,78629032;;;;;;;;;;;;;;147,3535354;;;;;;;;;;1;1;1;1;0;1;1;0;0
covered-bonds, annual-reports:financial-reports, information-about-bank;0,008385022;0,008567058;0,006280459;0,006561906;;;;0,006871036;0,011320305;0,005739514;0,005609684;;;;;0,012039455;0,007571863;0,004544727;;;;0,010730114;0,009969186;0,007956879;0,001638124;;;;30,53709398;28,65064181;58,04003396;47,28870742;;;;47,17902813;41,93351567;54,52538789;59,04791398;;;;;28,79438406;45,07373596;66,61846847;;;;36,35730088;44,52784504;45,96227909;69,5891343;;;;1;1;1;1;1;0;0;0;0
information-for-shareholders, financial-statement:root-financial-indicators;;;;;;;;;0,000238322;;;;;;0,000321285;;;;;;;0,000349895;;;;;;;;;;;;;;;7,040268456;;;;;;6,939799331;;;;;;;6,555045872;;;;;;;1;0;0;0;0;1;1;1;0
annual-reports, financial-statement, root-financial-indicators:financial-reports;0,001263496;0,001019888;0,000137278;;;;;;0,000595806;;;;;;;;;;;;;0,000116632;0,000271887;;;;;;6,834326494;6,111318873;11,68441103;;;;;;9,808321646;;;;;;;;;;;;;8,608433735;11,76332623;;;;;;1;1;0;1;0;1;0;1;0
information-for-shareholders, annual-reports, financial-statement:financial-reports;0,000172295;;;;0,000103675;;;;0,000119161;;;;;;;;;;;;;0,000116632;;;;;;;7,766280107;;;;15,2137224;;;;11,76998597;;;;;;;;;;;;;8,608433735;;;;;;;1;1;0;1;0;0;1;1;0
covered-bonds, information-about-bank:financial-reports, annual-reports;0,008385022;0,008567058;0,006280459;0,006561906;;;;0,006871036;0,011320305;0,005739514;0,005609684;;;;;0,012039455;0,007571863;0,004544727;;;;0,010730114;0,009969186;0,007956879;0,001638124;;;;30,23563834;28,19554277;54,53540746;47,83869565;;;;46,27173913;41,9865178;55,04529767;59,71483667;;;;;35,7268981;48,83051564;62,7161314;;;;40,46621864;52,31637931;42,71446356;67,64194139;;;;1;1;1;1;1;0;0;0;0
information-for-shareholders, financial-reports:annual-reports, information-about-bank;;;;;;;;;;;;;;;;;;;;0,000730588;;;;;;;;;;;;;;;;;;;;;;;;;;;;9,770662422;;;;;;;;;1;1;1;1;0;0;1;0;0
information-for-shareholders, financial-reports:annual-reports;;;;;;;;;;;;;;;;;;;;0,000730588;;;;;;;;;;;;;;;;;;;;;;;;;;;;2,005403232;;;;;;;;;0;1;0;1;0;0;1;0;0
information-for-shareholders, annual-reports, information-about-bank:financial-reports, root-financial-indicators;;;;;;;;0,000704722;;;;;;;0,000481928;;;;;;;;0,000271887;;;;;;;;;;;;;34,66259542;;;;;;;38,66459627;;;;;;;;59,64324324;;;;;;1;1;1;1;0;1;1;0;0
financial-reports, covered-bonds, information-about-bank:annual-reports;0,008385022;0,008567058;0,006280459;0,006561906;;;;0,006871036;0,011320305;0,005739514;0,005609684;;;;0,002168675;0,012039455;0,007571863;0,004544727;;;;0,010730114;0,009969186;0,007956879;0,001638124;;;;5,287513728;4,044331395;4,883597864;4,704305443;;;;4,711275699;3,620691221;4,597253402;5,149372862;;;;6,610879484;4,341309824;5,462088333;4,956376904;;;;4,921744556;6,57568534;5,270562771;4,813620072;;;;1;1;1;1;1;0;0;0;0
information-for-shareholders, financial-reports, information-about-bank:annual-reports;;;;;;0,001212457;;;;;;;;;;;;;;0,000730588;;;;;;;;;;;;;;2,313421045;;;;;;;;;;;;;;2,237913752;;;;;;;;;1;1;1;1;0;0;1;0;0
covered-bonds, financial-statement, information-about-bank:annual-reports;;;;;;;;;;;;;;;;0,000290107;;;;;;;;;;;;;;;;;;;;;;;;;;;;4,341309824;;;;;;;;;;;;;1;0;1;1;1;0;0;1;0
financial-reports, covered-bonds, annual-reports, root-financial-indicators, information-for-shareholders:information-about-bank;0,000229727;0,000611933;;;;;;0,000352361;;;;;;;;;;;;;;0,000349895;0,000181258;;;;;;3,477184224;3,188617886;;;;;;1,857937807;;;;;;;;;;;;;;2,085623936;1,801175318;;;;;;1;1;1;1;1;1;1;0;0
information-for-shareholders, financial-reports, financial-statement:annual-reports, root-financial-indicators;;;;;;;;;0,000119161;;;;;;;;;;;;;;;;;;;;;;;;;;;;58,27777778;;;;;;;;;;;;;;;;;;;;1;1;0;1;0;1;1;1;0
information-for-shareholders, covered-bonds, annual-reports:information-about-bank, root-financial-indicators;;0,000611933;;;;;;0,000352361;;;;;;;;;;;;;;;;;;;;;;33,92733564;;;;;;40,36266667;;;;;;;;;;;;;;;;;;;;;1;0;1;1;1;1;1;0;0
financial-reports, root-financial-indicators:information-about-bank;;;;;0,000311026;;;;;;;;;;;;;;0,000205648;;;;;;;;;;;;;;2,080116455;;;;;;;;;;;;;;1,480789727;;;;;;;;;;1;1;1;0;0;1;0;0;0
information-for-shareholders, covered-bonds, annual-reports:financial-reports;;0,000611933;;;;;;0,000440451;;;;;;;;;;;;;;;;;;;;;;7,333582648;;;;;;11,70309278;;;;;;;;;;;;;;;;;;;;;0;1;0;1;1;0;1;0;0
information-for-shareholders, annual-reports, financial-statement:financial-reports, information-about-bank, root-financial-indicators;0,000172295;;;;;;;;0,000119161;;;;;;;;;;;;;0,000116632;;;;;;;87,93939394;;;;;;;;171,2653061;;;;;;;;;;;;;168,1176471;;;;;;;1;1;1;1;0;1;1;1;0
covered-bonds, financial-statement:financial-reports, information-about-bank;;;;;;;;;;;;;;;;0,000290107;;;;;;;;;;;;;;;;;;;;;;;;;;;;31,91666667;;;;;;;;;;;;;1;1;1;0;1;0;0;1;0
information-for-shareholders, root-financial-indicators:annual-reports;;;;;;;;;;;;;;;;;;;;;;;;;;0,000197183;;;;;;;;;;;;;;;;;;;;;;;;;;;;5,699541284;;;0;0;0;1;0;1;1;0;0
information-for-shareholders, financial-reports, financial-statement:root-financial-indicators;0,00034459;0,000101989;;;;;;;0,000119161;;;;;;0,000240964;;;;;;;0,000233263;;;;;;;2,955695128;4,922188755;;;;;;;7,040268456;;;;;;6,939799331;;;;;;;6,555045872;;;;;;;1;1;0;0;0;1;1;1;0
covered-bonds, root-financial-indicators, annual-reports:financial-reports, information-about-bank;;0,000611933;;;;;;0,000352361;;;;;;;;;;;;;;;0,000181258;;;;;;;30,35603715;;;;;;44,51764706;;;;;;;;;;;;;;;47,76623377;;;;;;1;1;1;1;1;1;0;0;0
financial-reports, financial-statement, root-financial-indicators:annual-reports;;;0,000137278;;;;;;;;;;;;;;;;;;;;;;;;;;;;3,949576415;;;;;;;;;;;;;;;;;;;;;;;;;;1;1;0;1;0;1;0;1;0
information-for-shareholders, annual-reports:root-financial-indicators;0,002699288;;;;;;;0,001673714;;;;;;;;;;;;;;;0,000543774;;;;;;2,437152123;;;;;;;4,796797509;;;;;;;;;;;;;;;6,527062999;;;;;;0;0;0;1;0;1;1;0;0
financial-reports, annual-reports, financial-statement, root-financial-indicators, information-for-shareholders:information-about-bank;0,000172295;;;;;;;;0,000119161;;;;;;;;;;;;;0,000116632;;;;;;;4,34648028;;;;;;;;2,413574921;;;;;;;;;;;;;2,085623936;;;;;;;1;1;1;1;0;1;1;1;0
financial-reports, covered-bonds:annual-reports;0,008614748;0,008567058;0,006280459;0,006561906;;;;0,007135307;0,011320305;0,005773476;0,006052554;;;;;0,012184508;0,007571863;0,004544727;;;;0,010730114;0,009969186;0,008008214;0,001737404;;;;5,126805905;3,864583333;4,780241296;4,704305443;;;;4,507676922;3,547545944;4,493079492;5,149372862;;;;;4,341309824;5,462088333;4,956376904;;;;4,819208211;6,401109623;5,17111819;4,679908403;;;;0;1;0;1;1;0;0;0;0
financial-statement, root-financial-indicators:financial-reports, information-about-bank;;;;;;;;;;;;;;;;;;0,000192031;0,000102824;;;;;;;;;;;;;;;;;;;;;;;;;;;69,43333333;147,3535354;;;;;;;;;;1;1;1;0;0;1;0;1;0
information-for-shareholders, financial-statement, information-about-bank:root-financial-indicators;;;;;;;;0,000352361;0,000238322;0,000101885;;;;;0,000321285;;;;;;;0,000349895;;;;;;;;;;;;;;5,806649616;7,040268456;8,463638977;;;;;6,939799331;;;;;;;6,555045872;;;;;;;1;0;1;0;0;1;1;1;0
information-for-shareholders, financial-reports, covered-bonds, annual-reports:root-financial-indicators;0,000287158;0,000611933;;;;;;0,000440451;;;;;;;;0,000290107;;;;;;0,000349895;0,000181258;;;;;;2,955695128;4,922188755;;;;;;5,806649616;;;;;;;;1,5,5152;;;;;;6,555045872;7,614906832;;;;;;0;1;0;1;1;1;1;0;0
annual-reports, financial-statement, information-about-bank:financial-reports;;;;;;;;;;;;;;;;;;0,00012802;0,000239923;;;;;;;;;;;;;;;;;;;;;;;;;;;6,931011535;15,50972053;;;;;;;;;;1;1;1;1;0;0;0;1;0
annual-reports, information-about-bank, root-financial-indicators:financial-reports;;0,006323304;;;;;;;0,002621544;;;;;;0,002811245;;;;;;;;;;;;;;;6,144353029;;;;;;;9,959218902;;;;;;8,943965517;;;;;;;;;;;;;;1;1;1;1;0;1;0;0;0
annual-reports, financial-statement, information-about-bank, root-financial-indicators:information-for-shareholders;;;;;;;;;;;;;;;;;;;;;;0,000116632;;;;;;;;;;;;;;;;;;;;;;;;;;;;9,923611111;;;;;;;1;0;1;1;0;1;1;1;0
information-for-shareholders, information-about-bank, root-financial-indicators:annual-reports;;;;;;;;;;;;;;;;;;0,000320051;;;;;;;;0,000140845;;;;;;;;;;;;;;;;;;;;4,130314086;;;;;;;;5,428134557;;;1;0;1;1;0;1;1;0;0
financial-statement, root-financial-indicators:information-for-shareholders, financial-reports;;;;;;;;;;;;;;;;;;;0,000102824;;;;;;;;;;;;;;;;;;;;;;;;;;;;858,1176471;;;;;;;;;;1;1;0;0;0;1;1;1;0
covered-bonds, financial-statement:information-about-bank;;;;;;;;;;;;;;;;0,000290107;;;;;;;;;;;;;;;;;;;;;;;;;;;;2,384641992;;;;;;;;;;;;;1;0;1;0;1;0;0;1;0
financial-reports, financial-statement, root-financial-indicators, information-for-shareholders, information-about-bank:annual-reports;;;;;;;;;0,000119161;;;;;;;;;;;;;;;;;;;;;;;;;;;;3,6969163;;;;;;;;;;;;;;;;;;;;1;1;1;1;0;1;1;1;0
information-for-shareholders, covered-bonds, root-financial-indicators, annual-reports:financial-reports;;0,000611933;;;;;;0,000440451;;;;;;;;;;;;;;0,000349895;0,000181258;;;;;;;7,333582648;;;;;;11,70309278;;;;;;;;;;;;;;8,608433735;11,76332623;;;;;;0;1;0;1;1;1;1;0;0
information-for-shareholders, financial-reports, covered-bonds:annual-reports, information-about-bank;;;;;;;;;;;;;;;;;;;;;;0,000349895;;;;;;;;;;;;;;;;;;;;;;;;;;;;35,13934426;;;;;;;1;1;1;1;1;0;1;0;0
information-for-shareholders, financial-reports, root-financial-indicators:annual-reports, information-about-bank;;;;;0,000155513;;;;;;;;;;;;;;;;;;;;;0,000112676;;;;;;;26,79305556;;;;;;;;;;;;;;;;;;;;;84,12322275;;;1;1;1;1;0;1;1;0;0
financial-reports, covered-bonds, information-about-bank, root-financial-indicators:information-for-shareholders, annual-reports;0,000229727;0,000611933;;;;;;0,000352361;;;;;;;;0,000145054;;;;;;0,000349895;0,000181258;;;;;;244,3789474;297,1212121;;;;;;493,5652174;;;;;;;;492,4285714;;;;;;571,6;1576,285714;;;;;;1;1;1;1;1;1;1;0;0
information-for-shareholders, annual-reports, financial-statement, root-financial-indicators:information-about-bank;0,000172295;;;;;;;;0,000119161;;;;;;;;;;;;;0,000116632;;;;;;;4,34648028;;;;;;;;2,413574921;;;;;;;;;;;;;2,085623936;;;;;;;1;0;1;1;0;1;1;1;0
information-for-shareholders, covered-bonds, information-about-bank:annual-reports, root-financial-indicators;0,000229727;0,000611933;;;;;;0,000352361;;;;;;;;0,000145054;;;;;;;0,000181258;;;;;;32,09585253;38,30078125;;;;;;52,31336406;;;;;;;;68,25742574;;;;;;;114,9375;;;;;;1;0;1;1;1;1;1;0;0
information-for-shareholders, financial-reports:root-financial-indicators;0,004479669;0,003671596;0,001647333;;;;;0,002202255;;;;;;;0,00184739;0,002901073;;;;;;0,003032424;;;;;;;2,533452967;4,120902214;7,622759974;;;;;5,376527423;;;;;;;5,700549451;4,596;;;;;;6,086828309;;;;;;;0;1;0;0;0;1;1;0;0
annual-reports, root-financial-indicators:information-about-bank;;;;;;0,000450341;;;;;;;0,000108578;;;;;;0,000342747;0,000130852;;;;;;;;;;;;;;1,650761881;;;;;;;1,226038339;;;;;;1,23399144;1,467165283;;;;;;;;;1;0;1;1;0;1;0;0;0
financial-statement, information-about-bank, root-financial-indicators:financial-reports;;;;;;;;;;;;;;;;;;0,000192031;0,000102824;;;;;;;;;;;;;;;;;;;;;;;;;;;6,931011535;17,7253949;;;;;;;;;;1;1;1;0;0;1;0;1;0
information-for-shareholders, financial-reports, financial-statement, information-about-bank:annual-reports, root-financial-indicators;;;;;;;;;0,000119161;;;;;;;;;;;;;;;;;;;;;;;;;;;;58,27777778;;;;;;;;;;;;;;;;;;;;1;1;1;1;0;1;1;1;0
covered-bonds, information-about-bank, root-financial-indicators:financial-reports, annual-reports;;0,000611933;;;;;;0,000352361;;;;;;;;0,000145054;;;;;;;;;;;;;;30,54517134;;;;;;54,57692308;;;;;;;;37,87912088;;;;;;;;;;;;;1;1;1;1;1;1;0;0;0
information-for-shareholders, covered-bonds, annual-reports:financial-reports, root-financial-indicators;;0,000611933;;;;;;0,000440451;;;;;;;;;;;;;;;;;;;;;;28,92330383;;;;;;43,32824427;;;;;;;;;;;;;;;;;;;;;0;1;0;1;1;1;1;0;0
covered-bonds, root-financial-indicators, information-about-bank, annual-reports:information-for-shareholders;0,000229727;0,000611933;;;;;;0,000352361;;;;;;;;0,000145054;;;;;;0,000349895;0,000181258;;;;;;5,485822306;5,580535003;;;;;;6,67372134;;;;;;;;8,782165605;;;;;;9,923611111;10,7964775;;;;;;1;0;1;1;1;1;1;0;0
covered-bonds, root-financial-indicators, annual-reports:information-for-shareholders, financial-reports;;0,000611933;;;;;;0,000440451;;;;;;;;;;;;;;;0,000181258;;;;;;;228,0232558;;;;;;420,4444444;;;;;;;;;;;;;;;525,4285714;;;;;;0;1;0;1;1;1;1;0;0
information-for-investors-except-shareholders, information-for-shareholders:information-about-bank;;;;;0,000103675;;;;;;;;;;;;;;;;;;;;;;;;;;;;2,080116455;;;;;;;;;;;;;;;;;;;;;;;;1;0;1;0;0;0;1;0;1
covered-bonds, information-about-bank, annual-reports:financial-reports;0,008385022;0,008567058;0,006280459;0,006561906;;;;0,006871036;0,011320305;0,005739514;0,005609684;;;;;0,012039455;0,007571863;0,004544727;;;;0,010730114;0,009969186;0,007956879;0,001638124;;;;7,042713637;7,247305205;14,06741591;8,358722592;;;;10,73930867;11,52730585;13,35564102;10,46826422;;;;;9,980325467;7,727529123;6,834747486;;;;8,336588459;11,25187726;7,58589848;7,845922342;;;;1;1;1;1;1;0;0;0;0
information-for-shareholders, covered-bonds, information-about-bank, root-financial-indicators:financial-reports, annual-reports;0,000229727;0,000611933;;;;;;0,000352361;;;;;;;;0,000145054;;;;;;;0,000181258;;;;;;28,6617284;30,54517134;;;;;;54,57692308;;;;;;;;37,87912088;;;;;;;55,17;;;;;;1;1;1;1;1;1;1;0;0
financial-statement, root-financial-indicators:information-for-shareholders;;;;;;;;;;;;;;;;;;;0,000102824;;;;;;;;;;;;;;;;;;;;;;;;;;;;12,45241144;;;;;;;;;;1;0;0;0;0;1;1;1;0
covered-bonds, information-about-bank, root-financial-indicators:information-for-shareholders;;0,000611933;;;;;;0,000352361;;;;;;;;0,000145054;;;;;;0,000466527;;;;;;;;5,580535003;;;;;;6,67372134;;;;;;;;8,782165605;;;;;;7,938888889;;;;;;;1;0;1;0;1;1;1;0;0
covered-bonds, root-financial-indicators, annual-reports:information-for-shareholders, financial-reports, information-about-bank;;0,000611933;;;;;;0,000352361;;;;;;;;;;;;;;;0,000181258;;;;;;;544,7222222;;;;;;756,8;;;;;;;;;;;;;;;2206,8;;;;;;1;1;1;1;1;1;1;0;0
covered-bonds, financial-statement, annual-reports:financial-reports;;;;;;;;;;;;;;;;0,000290107;;;;;;;;;;;;;;;;;;;;;;;;;;;;10,46130501;;;;;;;;;;;;;1;1;0;1;1;0;0;1;0
information-for-shareholders, covered-bonds, root-financial-indicators, annual-reports:financial-reports, information-about-bank;;0,000611933;;;;;;0,000352361;;;;;;;;;;;;;;0,000349895;0,000181258;;;;;;;30,35603715;;;;;;44,51764706;;;;;;;;;;;;;;37,9380531;47,76623377;;;;;;1;1;1;1;1;1;1;0;0
financial-statement, information-about-bank, root-financial-indicators:information-for-shareholders, financial-reports;;;;;;;;;;;;;;;;;;;0,000102824;;;;;;;;;;;;;;;;;;;;;;;;;;;;858,1176471;;;;;;;;;;1;1;1;0;0;1;1;1;0
annual-reports, financial-statement, root-financial-indicators:information-for-shareholders, financial-reports, information-about-bank;;;;;;;;;;;;;;;;;;;;;;0,000116632;;;;;;;;;;;;;;;;;;;;;;;;;;;;779,4545455;;;;;;;1;1;1;1;0;1;1;1;0
financial-statement, root-financial-indicators:information-for-shareholders, information-about-bank;;;;;;;;;;;;;;;;;;;0,000102824;;;;;;;;;;;;;;;;;;;;;;;;;;;;884,1212121;;;;;;;;;;1;0;1;0;0;1;1;1;0
information-for-shareholders, financial-reports, financial-statement, root-financial-indicators:information-about-bank;0,000287158;0,000101989;;;;;;;0,000119161;;;;;;0,000240964;0,000145054;0,00014022;;0,000102824;;;0,000233263;;;;;;;3,6220669;3,188617886;;;;;;;2,413574921;;;;;;1,708287596;2,384641992;1,829727187;;1,480789727;;;2,085623936;;;;;;;1;1;1;0;0;1;1;1;0
information-for-investors-except-shareholders, financial-reports, financial-statement:information-about-bank;;;;;;;;;;;;0,000144383;;;;;;;;;;;;;;;;;;;;;;;;;;;;1,948059254;;;;;;;;;;;;;;;;;1;1;1;0;0;0;0;1;1
covered-bonds, financial-statement, information-about-bank:financial-reports;;;;;;;;;;;;;;;;0,000290107;;;;;;;;;;;;;;;;;;;;;;;;;;;;10,46130501;;;;;;;;;;;;;1;1;1;0;1;0;0;1;0
information-for-shareholders, financial-reports, information-about-bank, root-financial-indicators:annual-reports;;;;;0,000155513;;;;;;0,000369058;;;;;;;0,000256041;;;;;;;;0,000112676;;;;;;;3,619324578;;;;;;4,291144052;;;;;;;4,956376904;;;;;;;;6,513761468;;;1;1;1;1;0;1;1;0;0
financial-reports, information-about-bank, root-financial-indicators:annual-reports;;;;;;;;;;;;0,000192511;;;;;;;0,000171374;;;;;;;;;;;;;;;;;;;;;4,878610002;;;;;;;5,641144625;;;;;;;;;;1;1;1;1;0;1;0;0;0
information-for-shareholders, covered-bonds, root-financial-indicators:financial-reports;;0,000917899;;;;;;;;;;;;;;;;;;;;;;;;;;;;6,000203984;;;;;;;;;;;;;;;;;;;;;;;;;;;0;1;0;0;1;1;1;0;0
covered-bonds, root-financial-indicators, annual-reports:information-for-shareholders;0,000402022;0,000611933;;;;;;0,000440451;;;;;;;;0,000435161;;;;;;;0,000181258;;;;;;5,485822306;5,580535003;;;;;;6,67372134;;;;;;;;8,782165605;;;;;;;10,7964775;;;;;;0;0;0;1;1;1;1;0;0
information-for-shareholders, financial-reports, financial-statement:information-about-bank;0,000287158;0,000101989;;;0,000207351;;;;0,000119161;;;0,000240639;;;0,000240964;0,000290107;0,000467399;;0,000171374;;;0,000233263;;0,000154004;;;;;3,6220669;3,188617886;;;2,080116455;;;;2,413574921;;;1,623382711;;;1,708287596;2,384641992;1,663388352;;1,480789727;;;2,085623936;;1,78078435;;;;;1;1;1;0;0;0;1;1;0
information-for-shareholders, financial-reports, annual-reports, financial-statement:information-about-bank;0,000172295;;;;0,000103675;;;;0,000119161;;;;;;;;;;;;;0,000116632;;;;;;;4,34648028;;;;2,080116455;;;;2,413574921;;;;;;;;;;;;;2,085623936;;;;;;;1;1;1;1;0;0;1;1;0
financial-reports, annual-reports, financial-statement, root-financial-indicators:information-for-shareholders;;;;;;;;;;;;;;;;;;;;;;0,000116632;;;;;;;;;;;;;;;;;;;;;;;;;;;;9,923611111;;;;;;;1;1;0;1;0;1;1;1;0
information-for-shareholders, annual-reports, root-financial-indicators:financial-reports;;;;;0,000155513;;;;;;;;;;0,000562249;;;;0,000102824;;;;;0,000410678;;;;;;;;;15,2137224;;;;;;;;;;9,391163793;;;;17,7253949;;;;;7,134551115;;;;;0;1;0;1;0;1;1;0;0
information-for-shareholders, financial-reports, covered-bonds, root-financial-indicators:annual-reports, information-about-bank;;;;;;;;;;;;;;;;;;;;;;0,000349895;;;;;;;;;;;;;;;;;;;;;;;;;;;;35,13934426;;;;;;;1;1;1;1;1;1;1;0;0
annual-reports, financial-statement, information-about-bank, root-financial-indicators:financial-reports;0,001263496;0,000917899;0,000137278;;;;;;0,000595806;;;;;;;;;;;;;0,000116632;0,000271887;;;;;;7,119090098;6,000203984;14,60551378;;;;;;11,76998597;;;;;;;;;;;;;8,608433735;11,76332623;;;;;;1;1;1;1;0;1;0;1;0
information-for-shareholders, financial-reports, financial-statement:information-about-bank, root-financial-indicators;0,000287158;0,000101989;;;;;;;0,000119161;;;;;;0,000240964;;;;;;;0,000233263;;;;;;;28,61932939;33,92733564;;;;;;;69,93333333;;;;;;55,08849558;;;;;;;63,51111111;;;;;;;1;1;1;0;0;1;1;1;0
covered-bonds, financial-statement, annual-reports:financial-reports, information-about-bank;;;;;;;;;;;;;;;;0,000290107;;;;;;;;;;;;;;;;;;;;;;;;;;;;31,91666667;;;;;;;;;;;;;1;1;1;1;1;0;0;1;0
covered-bonds, financial-statement:information-for-shareholders;;0,000101989;;;;;;;;;;;;;;;;;;;;;;;;;;;;5,580535003;;;;;;;;;;;;;;;;;;;;;;;;;;;1;0;0;0;1;0;1;1;0
information-for-shareholders, covered-bonds, root-financial-indicators, annual-reports:information-about-bank;;0,000611933;;;;;;0,000352361;;;;;;;;;;;;;;0,000349895;0,000181258;;;;;;;3,188617886;;;;;;1,857937807;;;;;;;;;;;;;;2,085623936;1,801175318;;;;;;1;0;1;1;1;1;1;0;0
information-for-shareholders, financial-reports, annual-reports, financial-statement:information-about-bank, root-financial-indicators;0,000172295;;;;;;;;0,000119161;;;;;;;;;;;;;0,000116632;;;;;;;34,34319527;;;;;;;;69,93333333;;;;;;;;;;;;;63,51111111;;;;;;;1;1;1;1;0;1;1;1;0
financial-reports, annual-reports, root-financial-indicators:information-about-bank;;;;;0,000207351;;;;;;;;;;;;;;0,000171374;;;;;;0,00019856;0,000140845;;;;;;;2,080116455;;;;;;;;;;;;;;1,480789727;;;;;;2,768120921;1,686060318;;;1;1;1;1;0;1;0;0;0
covered-bonds, financial-statement:financial-reports, annual-reports;;;;;;;;;;;;;;;;0,000290107;;;;;;;;;;;;;;;;;;;;;;;;;;;;37,87912088;;;;;;;;;;;;;1;1;0;1;1;0;0;1;0
information-for-shareholders, financial-reports, annual-reports, information-about-bank:root-financial-indicators;0,000976338;0,001121877;0,000205917;;;;;0,000704722;0,000357483;0,00020377;;;;;0,000481928;;;;;;;0,000583158;0,000271887;;;;;;2,39270558;4,512006359;8,73441247;;;;;5,161466326;7,040268456;8,463638977;;;;;5,948399427;;;;;;;6,555045872;7,614906832;;;;;;1;1;1;1;0;1;1;0;0
information-for-shareholders, financial-reports, root-financial-indicators:information-about-bank;;;;;0,000155513;;;;;;;;;;;;;;0,000137099;;;;;;;0,000112676;;;;;;;2,080116455;;;;;;;;;;;;;;1,480789727;;;;;;;1,686060318;;;1;1;1;0;0;1;1;0;0
financial-reports, financial-statement, root-financial-indicators:information-for-shareholders;;;;;;;;;;;;;;;;;;;0,000102824;;;;;;;;;;;;;;;;;;;;;;;;;;;;12,45241144;;;;;;;;;;1;1;0;0;0;1;1;1;0
information-for-shareholders, annual-reports, information-about-bank:financial-reports;0,001206065;0,001223865;;;0,000570214;;;0,000792812;;;0,00088574;;0,000217155;;0,000562249;0,000580215;;0,001280205;0,000377022;0,000730588;;;0,000271887;0,000616016;0,000645321;;;0,000144915;7,090951402;5,866866118;;;12,87314972;;;10,53278351;;;9,681176681;;51,45251397;;10,73275862;10,46130501;;6,300919577;16,24827866;8,590471357;;;11,76332623;6,421096003;8,796943231;;;6,417561271;1;1;1;1;0;0;1;0;0
information-for-investors-except-shareholders, root-financial-indicators:information-about-bank;;;;;0,000207351;;;;;;;;;;;;;;;;;;;;;;;;;;;;2,080116455;;;;;;;;;;;;;;;;;;;;;;;;1;0;1;0;0;1;0;0;1
information-for-shareholders, financial-reports, financial-statement:annual-reports, information-about-bank, root-financial-indicators;;;;;;;;;0,000119161;;;;;;;;;;;;;;;;;;;;;;;;;;;;322,7692308;;;;;;;;;;;;;;;;;;;;1;1;1;1;0;1;1;1;0
information-for-shareholders, financial-reports, financial-statement, root-financial-indicators:annual-reports;;;;;;;;;0,000119161;;;;;;;;;;;;;;;;;;;;;;;;;;;;3,6969163;;;;;;;;;;;;;;;;;;;;1;1;0;1;0;1;1;1;0
financial-reports, covered-bonds, annual-reports, root-financial-indicators, information-about-bank:information-for-shareholders;0,000229727;0,000611933;;;;;;0,000352361;;;;;;;;0,000145054;;;;;;0,000349895;0,000181258;;;;;;5,485822306;5,580535003;;;;;;6,67372134;;;;;;;;8,782165605;;;;;;9,923611111;10,7964775;;;;;;1;1;1;1;1;1;1;0;0
information-for-shareholders, annual-reports, information-about-bank, root-financial-indicators:financial-reports;0,000976338;0,001121877;;;0,000155513;;;0,000704722;;;0,000369058;;;;0,000481928;0,000435161;;0,000256041;0,000102824;;;0,000583158;0,000271887;0,000359343;;;;;7,334820101;6,205339163;;;15,2137224;;;11,70309278;;;9,412255106;;;;10,73275862;10,46130501;;5,544809228;17,7253949;;;7,173694779;11,76332623;7,023073754;;;;;1;1;1;1;0;1;1;0;0
information-for-shareholders, root-financial-indicators:financial-reports;;;;;;;;;;;;;;;;;;;0,000137099;;;;;;;;;;;;;;;;;;;;;;;;;;;;17,7253949;;;;;;;;;;0;1;0;0;0;1;1;0;0
information-for-shareholders, annual-reports, financial-statement:root-financial-indicators;0,000172295;;;;;;;;0,000119161;;;;;;;;;;;;;0,000116632;;;;;;;2,955695128;;;;;;;;7,040268456;;;;;;;;;;;;;6,555045872;;;;;;;1;0;0;1;0;1;1;1;0
financial-reports, covered-bonds, financial-statement:information-about-bank;;;;;;;;;;;;;;;;0,000290107;;;;;;;;;;;;;;;;;;;;;;;;;;;;2,384641992;;;;;;;;;;;;;1;1;1;0;1;0;0;1;0
information-for-shareholders, annual-reports, financial-statement:financial-reports, root-financial-indicators;0,000172295;;;;;;;;0,000119161;;;;;;;;;;;;;0,000116632;;;;;;;28,03864734;;;;;;;;53,4522293;;;;;;;;;;;;;43,96923077;;;;;;;1;1;0;1;0;1;1;1;0
information-for-shareholders, annual-reports, financial-statement:information-about-bank, root-financial-indicators;0,000172295;;;;;;;;0,000119161;;;;;;;;;;;;;0,000116632;;;;;;;34,34319527;;;;;;;;69,93333333;;;;;;;;;;;;;63,51111111;;;;;;;1;0;1;1;0;1;1;1;0
information-for-shareholders, information-about-bank:financial-reports;;;;;;;;;;;;;;;;;;;;0,000752396;;;;;;;;;;;;;;;;;;;;;;;;;;;;7,303838802;;;;;;;;;1;1;1;0;0;0;1;0;0
information-for-shareholders, financial-statement, information-about-bank, root-financial-indicators:financial-reports;;;;;;;;;;;;;;;;;0,00014022;;0,000102824;;;;;;;;;;;;;;;;;;;;;;;;;;8,347639485;;17,7253949;;;;;;;;;;1;1;1;0;0;1;1;1;0
information-for-shareholders, annual-reports, financial-statement, root-financial-indicators:financial-reports, information-about-bank;0,000172295;;;;;;;;0,000119161;;;;;;;;;;;;;0,000116632;;;;;;;35,97520661;;;;;;;;43,25773196;;;;;;;;;;;;;37,9380531;;;;;;;1;1;1;1;0;1;1;1;0
covered-bonds, financial-statement:annual-reports, information-about-bank;;;;;;;;;;;;;;;;0,000290107;;;;;;;;;;;;;;;;;;;;;;;;;;;;28,37037037;;;;;;;;;;;;;1;0;1;1;1;0;0;1;0
information-for-shareholders, financial-reports, annual-reports:root-financial-indicators;;0,001223865;0,000480472;;;;;0,000880902;0,000476644;;;;;;0,000562249;0,000725268;;;;;;0,00069979;0,000362516;;;;;;;3,937751004;8,73441247;;;;;5,278772379;7,040268456;;;;;;6,072324415;4,596;;;;;;6,555045872;7,614906832;;;;;;0;1;0;1;0;1;1;0;0
information-for-shareholders, covered-bonds, information-about-bank, annual-reports:financial-reports;0,000229727;0,000611933;;;;;;0,000352361;;;;;;;;0,000145054;;;;;;;0,000181258;;;;;;7,766280107;7,333582648;;;;;;11,70309278;;;;;;;;10,46130501;;;;;;;11,76332623;;;;;;1;1;1;1;1;0;1;0;0
financial-reports, root-financial-indicators:annual-reports;;;;;;;;;;;;0,000240639;;;;;;;0,000171374;;;;;;;;;;;;;;;;;;;;;4,065508335;;;;;;;5,641144625;;;;;;;;;;0;1;0;1;0;1;0;0;0
information-for-shareholders, financial-reports, covered-bonds, information-about-bank:annual-reports, root-financial-indicators;0,000229727;0,000611933;;;;;;0,000352361;;;;;;;;0,000145054;;;;;;0,000349895;0,000181258;;;;;;40,11981567;38,30078125;;;;;;52,31336406;;;;;;;;68,25742574;;;;;;69,14516129;114,9375;;;;;;1;1;1;1;1;1;1;0;0
information-for-shareholders, covered-bonds, information-about-bank:financial-reports, annual-reports, root-financial-indicators;0,000229727;0,000611933;;;;;;0,000352361;;;;;;;;0,000145054;;;;;;;0,000181258;;;;;;83,91325301;97,07920792;;;;;;183,0967742;;;;;;;;255,3333333;;;;;;;459,75;;;;;;1;1;1;1;1;1;1;0;0
covered-bonds, information-about-bank, root-financial-indicators:annual-reports;;0,000611933;;;;;;0,000352361;;;;;;;;0,000145054;;;;;;;;;;;;;;4,140625;;;;;;4,952879581;;;;;;;;4,341309824;;;;;;;;;;;;;1;0;1;1;1;1;0;0;0
information-for-shareholders, information-about-bank:annual-reports;;;;;;;;;;;;;;;;;;;;0,000774205;;;;;;;;;;;;;;;;;;;;;;;;;;;;1,902731598;;;;;;;;;1;0;1;1;0;0;1;0;0
financial-reports, financial-statement, information-about-bank, root-financial-indicators:annual-reports;;;0,000137278;;;;;;;;;;;;;;;;;;;;;;;;;;;;4,936970518;;;;;;;;;;;;;;;;;;;;;;;;;;1;1;1;1;0;1;0;1;0
financial-reports, root-financial-indicators:annual-reports, information-about-bank;;;;;;;;;;;;;;;;;;;0,000171374;;;;;;;;;;;;;;;;;;;;;;;;;;;;62,02380952;;;;;;;;;;1;1;1;1;0;1;0;0;0
information-for-shareholders, financial-reports, covered-bonds, annual-reports:information-about-bank;0,000229727;0,000611933;;;;;;0,000352361;;;;;;;;;;;;;;0,000349895;0,000181258;;;;;;3,477184224;3,188617886;;;;;;1,857937807;;;;;;;;;;;;;;2,085623936;1,801175318;;;;;;1;1;1;1;1;0;1;0;0
covered-bonds, information-about-bank:financial-reports;0,00867218;0,008771035;0,006349097;0,006561906;;;;0,007223397;0,011558627;0,005807438;0,005609684;;;;;0,012039455;0,007571863;0,004544727;;;;0,010963378;0,009969186;0,007956879;0,001638124;;;;6,778660671;6,930638546;13,9279384;8,25423856;;;;10,43101748;11,30384792;12,99677861;10,28021157;;;;;9,866912678;6,934962034;6,650024581;;;;8,011809615;11,15487832;6,617485908;7,44356735;;;;1;1;1;0;1;0;0;0;0
information-for-shareholders, annual-reports, financial-statement, information-about-bank:financial-reports;0,000172295;;;;0,000103675;;;;0,000119161;;;;;;;;;;;;;0,000116632;;;;;;;7,766280107;;;;15,2137224;;;;11,76998597;;;;;;;;;;;;;8,608433735;;;;;;;1;1;1;1;0;0;1;1;0
information-for-shareholders, financial-reports, covered-bonds, root-financial-indicators:annual-reports;0,000287158;;;;;;;;;;;;;;;0,000290107;;;;;;0,000349895;;;;;;;4,557160804;;;;;;;;;;;;;;;4,341309824;;;;;;5,028739003;;;;;;;0;1;0;1;1;1;1;0;0
information-for-shareholders, financial-reports, root-financial-indicators:annual-reports;;;;;0,000155513;;;;;;;;;;;;;;;;;;;;;0,000112676;;;;;;;3,619324578;;;;;;;;;;;;;;;;;;;;;6,513761468;;;0;1;0;1;0;1;1;0;0
information-for-shareholders, covered-bonds, information-about-bank, root-financial-indicators:annual-reports;0,000229727;0,000611933;;;;;;0,000352361;;;;;;;;0,000145054;;;;;;;0,000181258;;;;;;4,374874372;4,140625;;;;;;4,952879581;;;;;;;;4,341309824;;;;;;;6,57568534;;;;;;1;0;1;1;1;1;1;0;0
financial-reports, financial-statement:information-about-bank;0,005226281;0,004793473;0,001029583;0,00103609;;;;0,001761804;0,002502383;0,001766004;0,00044287;;;;0,0037751;0,005802147;0,003785931;0,000320051;;0,000207182;;0,001516212;0,00353453;0,002669405;;;;;3,803170245;2,938530209;1,446925858;1,856250876;;;;2,322422259;2,203698841;1,740604324;2,169965697;;;;1,672698271;2,384641992;1,628658266;2,402907021;;1,51500763;;1,694569448;1,756145935;1,56950485;;;;;1;1;1;0;0;0;0;1;0
information-for-shareholders, financial-reports, covered-bonds:annual-reports, root-financial-indicators;0,000287158;;;;;;;;;;;;;;;0,000290107;;;;;;0,000349895;;;;;;;33,43317972;;;;;;;;;;;;;;;68,25742574;;;;;;69,14516129;;;;;;;0;1;0;1;1;1;1;0;0
information-for-shareholders, financial-reports, financial-statement, information-about-bank:annual-reports;;;;;;;;;0,000119161;;;;;;;;;;;;;;;;;;;;;;;;;;;;3,6969163;;;;;;;;;;;;;;;;;;;;1;1;1;1;0;0;1;1;0
financial-reports, covered-bonds, financial-statement, information-about-bank:annual-reports;;;;;;;;;;;;;;;;0,000290107;;;;;;;;;;;;;;;;;;;;;;;;;;;;4,341309824;;;;;;;;;;;;;1;1;1;1;1;0;0;1;0
financial-reports, covered-bonds, information-about-bank, root-financial-indicators:annual-reports;0,000229727;0,000611933;;;;;;0,000352361;;;;;;;;0,000145054;;;;;;0,000349895;0,000181258;;;;;;4,374874372;4,140625;;;;;;4,952879581;;;;;;;;4,341309824;;;;;;5,028739003;6,57568534;;;;;;1;1;1;1;1;1;0;0;0
information-for-shareholders, financial-statement, root-financial-indicators:financial-reports, information-about-bank;;;;;;;;;;;;;;;;;0,00014022;;0,000102824;;;;;;;;;;;;;;;;;;;;;;;;;;49,52546296;;147,3535354;;;;;;;;;;1;1;1;0;0;1;1;1;0
information-for-shareholders, financial-reports, annual-reports, financial-statement:root-financial-indicators;0,000172295;;;;;;;;0,000119161;;;;;;;;;;;;;0,000116632;;;;;;;2,955695128;;;;;;;;7,040268456;;;;;;;;;;;;;6,555045872;;;;;;;1;1;0;1;0;1;1;1;0
information-for-shareholders, annual-reports:information-about-bank;;;;;;0,001524232;;;;;;;;;;;;;;0,000774205;;;;;;;;;;;;;;1,533739546;;;;;;;;;;;;;;1,587938035;;;;;;;;;1;0;1;1;0;0;1;0;0
annual-reports, financial-statement, root-financial-indicators:financial-reports, information-about-bank;0,001263496;;0,000137278;;;;;;0,000595806;;;;;;;;;;;;;0,000116632;0,000271887;;;;;;31,65818182;;50,23793103;;;;;;36,04810997;;;;;;;;;;;;;37,9380531;47,76623377;;;;;;1;1;1;1;0;1;0;1;0
covered-bonds, root-financial-indicators, information-about-bank, annual-reports:information-for-shareholders, financial-reports;0,000229727;0,000611933;;;;;;0,000352361;;;;;;;;0,000145054;;;;;;0,000349895;0,000181258;;;;;;191,3406593;228,0232558;;;;;;420,4444444;;;;;;;;287,25;;;;;;306,2142857;525,4285714;;;;;;1;1;1;1;1;1;1;0;0
information-for-shareholders, financial-reports, financial-statement, information-about-bank:root-financial-indicators;0,000287158;0,000101989;;;;;;;0,000119161;;;;;;0,000240964;;;;;;;0,000233263;;;;;;;2,955695128;4,922188755;;;;;;;7,040268456;;;;;;6,939799331;;;;;;;6,555045872;;;;;;;1;1;1;0;0;1;1;1;0
information-for-shareholders, information-about-bank:root-financial-indicators;0,004020216;;0,002299403;;;;;;;;;;;;;;;;;;;0,002216002;0,001540692;;;;;;2,378145505;;8,127856048;;;;;;;;;;;;;;;;;;;5,66117598;6,472670807;;;;;;1;0;1;0;0;1;1;0;0
information-for-shareholders, annual-reports, root-financial-indicators:information-about-bank;;;;;0,000155513;;;;;;;;;;;;0,000467399;;0,000102824;;;;;0,000410678;;;;;;;;;2,080116455;;;;;;;;;;;;1,524772656;;1,480789727;;;;;1,582919422;;;;;1;0;1;1;0;1;1;0;0
information-for-shareholders, financial-reports, information-about-bank:root-financial-indicators;0,001665518;0,00163182;0,000514792;;;;;0,000968992;;0,000373578;;;;;0,000883534;;;;;;;0,001282948;0,000453145;;;;;;2,52103408;4,375278893;8,73441247;;;;;5,322762148;;7,758335729;;;;;5,872137896;;;;;;;6,555045872;7,614906832;;;;;;1;1;1;0;0;1;1;0;0
information-for-shareholders, financial-statement:financial-reports, information-about-bank;;;;;;;;;;;;;;;;;;;0,000171374;;;;;;;;;;;;;;;;;;;;;;;;;;;;147,3535354;;;;;;;;;;1;1;1;0;0;0;1;1;0
information-for-shareholders, covered-bonds, information-about-bank:root-financial-indicators;0,000287158;0,000611933;;;;;;0,000352361;;;;;;;;0,000145054;;;;;;0,000466527;0,000181258;;;;;;2,955695128;4,922188755;;;;;;5,806649616;;;;;;;;1,5,5152;;;;;;5,244036697;7,614906832;;;;;;1;0;1;0;1;1;1;0;0
information-for-shareholders, covered-bonds, information-about-bank, annual-reports:root-financial-indicators;0,000229727;0,000611933;;;;;;0,000352361;;;;;;;;0,000145054;;;;;;;0,000181258;;;;;;2,955695128;4,922188755;;;;;;5,806649616;;;;;;;;1,5,5152;;;;;;;7,614906832;;;;;;1;0;1;1;1;1;1;0;0
covered-bonds, financial-statement, annual-reports:information-about-bank;;;;;;;;;;;;;;;;0,000290107;;;;;;;;;;;;;;;;;;;;;;;;;;;;2,384641992;;;;;;;;;;;;;1;0;1;1;1;0;0;1;0
information-for-shareholders, covered-bonds, annual-reports:financial-reports, information-about-bank;;0,000611933;;;;;;0,000352361;;;;;;;;;;;;;;;;;;;;;;30,35603715;;;;;;44,51764706;;;;;;;;;;;;;;;;;;;;;1;1;1;1;1;0;1;0;0
information-for-shareholders, financial-reports, covered-bonds, information-about-bank:annual-reports;0,000229727;0,000611933;;;;;;0,000352361;;;;;;;;0,000145054;;;;;;0,000349895;0,000181258;;;;;;5,468592965;4,140625;;;;;;4,952879581;;;;;;;;4,341309824;;;;;;5,028739003;6,57568534;;;;;;1;1;1;1;1;0;1;0;0
covered-bonds, financial-statement:financial-reports, annual-reports, information-about-bank;;;;;;;;;;;;;;;;0,000290107;;;;;;;;;;;;;;;;;;;;;;;;;;;;50,69117647;;;;;;;;;;;;;1;1;1;1;1;0;0;1;0
information-for-shareholders, covered-bonds, information-about-bank:annual-reports;0,000229727;0,000611933;;;;;;0,000352361;;;;;;;;0,000145054;;;;;;0,000466527;0,000181258;;;;;;4,374874372;4,140625;;;;;;4,952879581;;;;;;;;4,341309824;;;;;;4,022991202;6,57568534;;;;;;1;0;1;1;1;0;1;0;0
information-for-shareholders, financial-reports, covered-bonds, information-about-bank:root-financial-indicators;0,000229727;0,000611933;;;;;;0,000352361;;;;;;;;0,000145054;;;;;;0,000349895;0,000181258;;;;;;2,955695128;4,922188755;;;;;;5,806649616;;;;;;;;1,5,5152;;;;;;6,555045872;7,614906832;;;;;;1;1;1;0;1;1;1;0;0
information-for-shareholders, financial-reports, covered-bonds:information-about-bank, root-financial-indicators;;;;;;;;;;;;;;;;;;;;;;0,000349895;;;;;;;;;;;;;;;;;;;;;;;;;;;;63,51111111;;;;;;;1;1;1;0;1;1;1;0;0
annual-reports, financial-statement, root-financial-indicators:information-for-shareholders, information-about-bank;;;;;;;;;;;;;;;;;;;;;;0,000116632;;;;;;;;;;;;;;;;;;;;;;;;;;;;389,7272727;;;;;;;1;0;1;1;0;1;1;1;0
information-for-shareholders, annual-reports:financial-reports, information-about-bank;;;;;;;;;;;;;;;;;;;;0,000730588;;;;;;;;;;;;;;;;;;;;;;;;;;;;104,2160351;;;;;;;;;1;1;1;1;0;0;1;0;0
covered-bonds, annual-reports:financial-reports;0,008614748;0,008567058;0,006280459;0,006561906;;;;0,007135307;0,011320305;0,005773476;0,006052554;;;;;0,012184508;0,007571863;0,004544727;;;;0,010730114;0,009969186;0,008008214;0,001737404;;;;6,772918698;6,921583623;13,49903547;8,052915668;;;;10,30380995;11,40968028;12,85055246;9,958773145;;;;;9,551626311;7,597289868;6,650024581;;;;8,249748996;10,96581258;6,995048719;7,509585685;;;;0;1;0;1;1;0;0;0;0
annual-reports, financial-statement, root-financial-indicators:information-about-bank;0,00137836;0,001121877;0,000137278;0,000431704;0,000103675;;;0,000264271;0,000595806;0,000407539;;0,000144383;;;0,000481928;0,000580215;0,000327179;;;;;0,000116632;0,000271887;0,000205339;;0,000140845;;;4,172621068;2,922899729;1,427633513;2,01093845;2,080116455;;;2,322422259;2,011312434;2,008389605;;1,948059254;;;1,708287596;2,384641992;1,829727187;;;;;2,085623936;1,801175318;1,78078435;;1,686060318;;;1;0;1;1;0;1;0;1;0
covered-bonds, annual-reports, root-financial-indicators, information-for-shareholders, information-about-bank:financial-reports;0,000229727;0,000611933;;;;;;0,000352361;;;;;;;;0,000145054;;;;;;0,000349895;0,000181258;;;;;;7,766280107;7,333582648;;;;;;11,70309278;;;;;;;;10,46130501;;;;;;8,608433735;11,76332623;;;;;;1;1;1;1;1;1;1;0;0
financial-statement, root-financial-indicators:information-for-shareholders, financial-reports, information-about-bank;;;;;;;;;;;;;;;;;;;0,000102824;;;;;;;;;;;;;;;;;;;;;;;;;;;;1535,578947;;;;;;;;;;1;1;1;0;0;1;1;1;0
information-for-shareholders, financial-reports, financial-statement:annual-reports, information-about-bank;;;;;;;;;0,000119161;;;;;;;;;;;;;;;;;;;;;;;;;;;;34,25306122;;;;;;;;;;;;;;;;;;;;1;1;1;1;0;0;1;1;0
covered-bonds, information-about-bank, root-financial-indicators:information-for-shareholders, financial-reports, annual-reports;;0,000611933;;;;;;0,000352361;;;;;;;;0,000145054;;;;;;;;;;;;;;653,6666667;;;;;;1032;;;;;;;;1149;;;;;;;;;;;;;1;1;1;1;1;1;1;0;0
information-for-shareholders, annual-reports, financial-statement, root-financial-indicators:financial-reports;0,000172295;;;;;;;;0,000119161;;;;;;;;;;;;;0,000116632;;;;;;;7,766280107;;;;;;;;11,76998597;;;;;;;;;;;;;8,608433735;;;;;;;1;1;0;1;0;1;1;1;0
financial-reports, financial-statement, root-financial-indicators:information-about-bank;0,002469561;0,002141764;0,000137278;0,000431704;0,000103675;;;0,000704722;0,001310772;0,001120734;0,000221435;;;;0,002008032;0,002030751;0,001635896;0,000192031;0,000102824;;;0,000466527;0,001631321;0,000718686;;;;;3,976567064;3,04368071;1,427633513;1,675782041;2,080116455;;;2,322422259;2,212443677;1,949319323;2,531626647;;;;1,708287596;2,384641992;1,778901432;2,402907021;1,480789727;;;2,085623936;1,801175318;1,558186306;;;;;1;1;1;0;0;1;0;1;0
financial-statement, root-financial-indicators:financial-reports;;;;;;;;;;;;;;;;;;0,000192031;0,000102824;;;;;;;;;;;;;;;;;;;;;;;;;;;6,931011535;17,7253949;;;;;;;;;;1;1;0;0;0;1;0;1;0
information-for-shareholders, financial-statement:information-about-bank, root-financial-indicators;;;;;;;;;0,000238322;;;;;;0,000321285;;;;;;;0,000349895;;;;;;;;;;;;;;;69,93333333;;;;;;55,08849558;;;;;;;63,51111111;;;;;;;1;0;1;0;0;1;1;1;0
financial-reports, covered-bonds, root-financial-indicators:information-for-shareholders;;0,000917899;;;;;;0,000616631;;;;;;;0,000160643;0,000290107;;;;;;;0,000271887;;;;;;;5,022481503;;;;;;5,839506173;;;;;;;11,5064695;8,782165605;;;;;;;10,7964775;;;;;;0;1;0;0;1;1;1;0;0
covered-bonds, root-financial-indicators, annual-reports:information-about-bank;;0,000611933;;;;;;0,000352361;;;;;;;;;;;;;;;0,000181258;;;;;;;3,188617886;;;;;;1,857937807;;;;;;;;;;;;;;;1,801175318;;;;;;1;0;1;1;1;1;0;0;0
information-for-shareholders, root-financial-indicators:information-about-bank;;;;;0,000259188;;;;;;;;;;;;;;0,000137099;;;;;;0,00019856;;;;;;;;1,733430379;;;;;;;;;;;;;;1,480789727;;;;;;2,768120921;;;;1;0;1;0;0;1;1;0;0
information-for-shareholders, annual-reports, financial-statement:financial-reports, information-about-bank;0,000172295;;;;0,000103675;;;;0,000119161;;;;;;;;;;;;;0,000116632;;;;;;;35,97520661;;;;77,78629032;;;;43,25773196;;;;;;;;;;;;;37,9380531;;;;;;;1;1;1;1;0;0;1;1;0
financial-reports, covered-bonds:information-about-bank;0,00867218;0,008771035;0,006349097;0,006561906;;;;0,007223397;0,011558627;0,005807438;0,005609684;;;;;0,012039455;0,007571863;0,004544727;;;;0,010963378;0,009969186;0,007956879;0,001638124;;;;4,101990764;3,046901536;1,746773809;2,01093845;;;;2,139759834;2,364815832;1,951333082;2,346385673;;;;;2,356253397;1,829727187;2,402907021;;;;2,042173437;1,753356505;1,735984743;2,537444177;;;;1;1;1;0;1;0;0;0;0
financial-reports, financial-statement, root-financial-indicators:information-for-shareholders, information-about-bank;;;;;;;;;;;;;;;;;;;0,000102824;;;;;;;;;;;;;;;;;;;;;;;;;;;;884,1212121;;;;;;;;;;1;1;1;0;0;1;1;1;0
information-for-shareholders, financial-reports, covered-bonds, root-financial-indicators:information-about-bank;;;;;;;;;;;;;;;;;;;;;;0,000349895;;;;;;;;;;;;;;;;;;;;;;;;;;;;2,085623936;;;;;;;1;1;1;0;1;1;1;0;0
financial-reports, covered-bonds, root-financial-indicators, annual-reports:information-for-shareholders, information-about-bank;0,000229727;0,000611933;;;;;;0,000352361;;;;;;;;;;;;;;0,000349895;0,000181258;;;;;;160,1103448;272,3611111;;;;;;313,1586207;;;;;;;;;;;;;;389,7272727;551,7;;;;;;1;1;1;1;1;1;1;0;0
information-for-shareholders, financial-statement:information-about-bank;;;;;;;;;0,000238322;;;;;;0,000321285;0,000725268;;;0,000171374;;;0,000349895;0,000271887;;;;;;;;;;;;;;2,413574921;;;;;;1,708287596;1,98720166;;;1,480789727;;;2,085623936;1,801175318;;;;;;1;0;1;0;0;0;1;1;0
financial-reports, financial-statement, information-about-bank, root-financial-indicators:information-for-shareholders;;;;;;;;;;;;;;;;;;;0,000102824;;;;;;;;;;;;;;;;;;;;;;;;;;;;12,45241144;;;;;;;;;;1;1;1;0;0;1;1;1;0
information-for-shareholders, financial-reports, annual-reports:information-about-bank;;0,001223865;;;;0,001212457;;0,000792812;;;0,00088574;;0,000217155;;0,000562249;;;;0,000377022;0,000730588;0,000267718;0,000583158;;0,000616016;0,000645321;0,000366197;;0,000144915;;2,550894309;;;;1,728361799;;1,900163666;;;2,531626647;;1,226038339;;1,494751647;;;;1,252975923;1,833956604;1,651347788;1,738019946;;1,643800938;2,249098248;1,369924009;;1,824890924;1;1;1;1;0;0;1;0;0
information-for-shareholders, financial-statement:financial-reports;;;;;;;;;;;;;;;;;;;0,000171374;;;;;;;;;;;;;;;;;;;;;;;;;;;;17,7253949;;;;;;;;;;1;1;0;0;0;0;1;1;0
financial-reports, covered-bonds, financial-statement:annual-reports;;;;;;;;;;;;;;;;0,000290107;;;;;;;;;;;;;;;;;;;;;;;;;;;;4,341309824;;;;;;;;;;;;;1;1;0;1;1;0;0;1;0
information-for-shareholders, financial-reports, covered-bonds:annual-reports;0,000287158;;;;;;;;;;;;;;;0,000290107;;;;;;0,000349895;;;;;;;4,557160804;;;;;;;;;;;;;;;4,341309824;;;;;;5,028739003;;;;;;;0;1;0;1;1;0;1;0;0
information-for-shareholders, covered-bonds, annual-reports:information-about-bank;;0,000611933;;;;;;0,000352361;;;;;;;;;;;;;;0,000466527;;;;;;;;3,188617886;;;;;;1,857937807;;;;;;;;;;;;;;2,085623936;;;;;;;1;0;1;1;1;0;1;0;0
annual-reports, financial-statement, root-financial-indicators:information-for-shareholders;;;;;;;;;;;;;;;;;;;;;;0,000116632;;;;;;;;;;;;;;;;;;;;;;;;;;;;9,923611111;;;;;;;1;0;0;1;0;1;1;1;0
information-for-shareholders, financial-reports, covered-bonds:root-financial-indicators;0,00034459;0,000917899;;;;;;0,000616631;;;;;;;0,000160643;0,000290107;;;;;;0,000349895;0,000271887;;;;;;2,955695128;4,922188755;;;;;;5,806649616;;;;;;;6,939799331;1,5,5152;;;;;;6,555045872;7,614906832;;;;;;0;1;0;0;1;1;1;0;0
covered-bonds, financial-statement, information-about-bank, annual-reports:financial-reports;;;;;;;;;;;;;;;;0,000290107;;;;;;;;;;;;;;;;;;;;;;;;;;;;10,46130501;;;;;;;;;;;;;1;1;1;1;1;0;0;1;0
financial-reports, annual-reports, financial-statement, root-financial-indicators:information-about-bank;0,001263496;0,000917899;0,000137278;0,000259023;;;;0,00017618;0,000595806;0,000305655;;;;;0,000321285;0,000290107;0,00018696;;;;;0,000116632;0,000271887;;;;;;4,34648028;2,869756098;1,784541891;2,01093845;;;;2,322422259;2,413574921;2,008389605;;;;;1,708287596;2,384641992;1,829727187;;;;;2,085623936;1,801175318;;;;;;1;1;1;1;0;1;0;1;0
information-for-shareholders, financial-reports, covered-bonds, annual-reports:information-about-bank, root-financial-indicators;0,000229727;0,000611933;;;;;;0,000352361;;;;;;;;;;;;;;0,000349895;0,000181258;;;;;;27,47455621;33,92733564;;;;;;40,36266667;;;;;;;;;;;;;;63,51111111;78,25531915;;;;;;1;1;1;1;1;1;1;0;0
financial-statement, information-about-bank, root-financial-indicators:information-for-shareholders;;;;;;;;;;;;;;;;;;;0,000102824;;;;;;;;;;;;;;;;;;;;;;;;;;;;12,45241144;;;;;;;;;;1;0;1;0;0;1;1;1;0
annual-reports, financial-statement, root-financial-indicators:information-for-shareholders, financial-reports;;;;;;;;;;;;;;;;;;;;;;0,000116632;;;;;;;;;;;;;;;;;;;;;;;;;;;;306,2142857;;;;;;;1;1;0;1;0;1;1;1;0
financial-reports, covered-bonds, root-financial-indicators, annual-reports:information-for-shareholders;0,000287158;0,000611933;;;;;;0,000440451;;;;;;;;0,000290107;;;;;;0,000349895;0,000181258;;;;;;5,485822306;5,580535003;;;;;;6,67372134;;;;;;;;8,782165605;;;;;;9,923611111;10,7964775;;;;;;0;1;0;1;1;1;1;0;0
information-for-shareholders, covered-bonds, annual-reports:root-financial-indicators;0,000402022;0,000611933;;;;;;0,000440451;;;;;;;;;;;;;;;;;;;;;2,955695128;4,922188755;;;;;;5,806649616;;;;;;;;;;;;;;;;;;;;;0;0;0;1;1;1;1;0;0
financial-reports, annual-reports, financial-statement, information-for-shareholders, information-about-bank:root-financial-indicators;0,000172295;;;;;;;;0,000119161;;;;;;;;;;;;;0,000116632;;;;;;;2,955695128;;;;;;;;7,040268456;;;;;;;;;;;;;6,555045872;;;;;;;1;1;1;1;0;1;1;1;0
covered-bonds, root-financial-indicators, information-about-bank, annual-reports:financial-reports;0,000229727;0,000611933;;;;;;0,000352361;;;;;;;;0,000145054;;;;;;0,000349895;0,000181258;;;;;;7,766280107;7,333582648;;;;;;11,70309278;;;;;;;;10,46130501;;;;;;8,608433735;11,76332623;;;;;;1;1;1;1;1;1;0;0;0
information-for-shareholders, annual-reports:financial-reports;;;;;;;;;;;;;;;;;;;;0,000730588;;;;;;;;;;;;;;;;;;;;;;;;;;;;7,438091053;;;;;;;;;0;1;0;1;0;0;1;0;0
information-for-shareholders, financial-reports, annual-reports, root-financial-indicators:information-about-bank;;0,001121877;;;0,000155513;;;0,000704722;;0,00020377;0,000369058;;;;0,000481928;;0,000327179;0,000256041;0,000102824;;;0,000583158;;0,000359343;;0,000112676;;;;2,922899729;;;2,080116455;;;1,857937807;;1,721476804;2,531626647;;;;1,464246511;;1,829727187;2,402907021;1,480789727;;;1,738019946;;1,558186306;;1,686060318;;;1;1;1;1;0;1;1;0;0
